pheno	h2(add)	h2(add)_se	h2(dom)	h2(dom)_se	h2(AD)	h2(AD)_se	h2(add)_sig	h2(dom)_sig	h2(AD)_sig	h2(het)	h2(het)_se	h2(hom)	h2(hom)_se	Cov(hh)	Cov(hh)_se	hom/het	hom/het_se	h2(FACTOR)	h2(FACTOR)_se	h2(het)_sig	h2(hom)_sig	h2(FACTOR)_sig	Cov(hh)_sig	hom/het_sig
Leg_predicted_mass__left_	0.2232029425679932	0.01044702839440296	-0.012315756581706002	0.012577250668407073	0.2108871859862872	0.014093721992993755	True	False	True	0.07518888195573356	0.012517863877064573	0.20069230284642506	0.016519531202088385	0.4933595060596789	0.07001362394275468	2.669175250731617	0.5436241302581126	0.2758811848021586	0.018004169109855032	True	True	True	True	True
Leg_fat-free_mass__right_	0.23399958250443675	0.010456824877867933	-0.04206361863603043	0.012544731882599245	0.19193596386840633	0.014129590830177167	True	True	True	0.08070152168447811	0.012002966097803897	0.21959887423902877	0.015424289490343043	0.4513575718860383	0.05927921108811425	2.7211243314296234	0.49312805980789676	0.3003003959235069	0.01671617212079202	True	True	True	True	True
Whole_body_fat-free_mass	0.24954087520021517	0.010250593879861184	0.0031644581767810375	0.012478432325386262	0.2527053333769962	0.013514748891303167	True	False	True	0.08791893940493384	0.012075284330197009	0.22240601462197032	0.01570046723229405	0.2371627660207235	0.04234102497667722	2.529671264545411	0.4339326692447296	0.3103249540269042	0.01683010565055699	True	True	True	True	True
Mean_corpuscular_volume	0.25834877428517905	0.01131986289613221	-0.0777210316673757	0.01355029938415437	0.18062774261780334	0.015161864104544722	True	True	True	0.1309726573664729	0.011930848420236303	0.18541544385550904	0.016412503486178245	0.2738317326120956	0.041042019573775755	1.4156805518322841	0.20640838081381538	0.3163881012219819	0.016948982459661324	True	True	True	True	True
SHBG	0.15785566787000704	0.012201190655718825	-0.055995645966003274	0.014489735628114394	0.10186002190400377	0.017528704076143826	True	True	True	0.062089637626578244	0.014616641129102138	0.13387522188264395	0.019971851252950215	0.016770950698762426	0.06159726740529726	2.156160464130926	0.6498534708998763	0.19596485950922218	0.02242985013741422	True	True	True	True	True
High_light_scatter_reticulocyte_percentage	0.16942880573518182	0.010671895379118668	-0.012600490766429521	0.012305172167421307	0.1568283149687523	0.01470900757910331	True	False	True	0.04928447043963894	0.01407615055693974	0.12072480147507406	0.02066869399317388	0.7562457213982167	0.1610843764529499	2.44955054600681	0.8707302734008487	0.170009271914713	0.02309288708372087	True	True	True	False	False
Whole_body_water_mass	0.24955651174931426	0.010192056048898565	0.002929938698337481	0.012440237622897423	0.2524864504476517	0.013453828670403076	True	False	True	0.08703589450029872	0.012096846917706634	0.2219171381029581	0.0157217181389081	0.18954871035459042	0.03997452304128162	2.549719737782398	0.441420019507242	0.3089530326032568	0.016871591932763788	True	True	True	True	True
Platelet_crit	0.1975693368306065	0.01025751912284975	0.009047945703213676	0.012696068276912555	0.2066172825338202	0.014186647258423425	True	False	True	0.11304112135987016	0.01276294775099991	0.16831863342849065	0.017668011394589834	0.3601813194688793	0.0542149507680776	1.4890035714759295	0.2599108406917232	0.28135975478836084	0.018641669886743095	True	True	True	True	True
Glycated_haemoglobin__HbA1c_	0.1730093270401102	0.010864458477848718	0.021444542445467858	0.012786057512804346	0.19445386948557808	0.01486271775420218	True	False	True	0.07439047577397846	0.013536809201399911	0.14614496937753046	0.018602550340652717	0.3883653587465984	0.07348033275189372	1.964565596025553	0.47808368243689864	0.2205354451515089	0.02053310805311034	True	True	True	True	True
Impedance_of_leg__left_	0.2241190390582196	0.01027656026657967	-0.007956258029403404	0.01234500689883432	0.2161627810288162	0.01381685537035413	True	False	True	0.10848384385543788	0.012146805216754755	0.18062597453178317	0.016347713901219998	0.25471885247158604	0.043334801322878376	1.6650034522419725	0.27100839016316564	0.28910981838722105	0.017373226466417868	True	True	True	True	True
Trunk_predicted_mass	0.26112084789868967	0.010232500746025964	-0.0015248955826059805	0.01235363972002211	0.2595959523160837	0.0133346013532924	True	False	True	0.09738229113966074	0.011986490801322296	0.22521801778637723	0.015584605280465817	0.3156375427173274	0.044391598243796765	2.3127204664283467	0.36618917201348183	0.32260030892603797	0.016553030123034246	True	True	True	True	True
Arm_fat-free_mass__right_	0.21900860399313585	0.010148110753978177	-0.021392050830871624	0.01229963647868328	0.19761655316226423	0.01382907623694106	True	False	True	0.07666849976347959	0.012010915352089873	0.19284671310917065	0.015893539601370202	0.417592982456216	0.06175959740322458	2.515331768641593	0.48918111704000794	0.26951521287265023	0.017347785851204306	True	True	True	True	True
Arm_predicted_mass__left_	0.2236076449189258	0.010520006760720362	-0.05671395642370077	0.012368676173808508	0.166893688495225	0.014298955954623011	True	True	True	0.07925780597622778	0.012494229408088765	0.1807220951253988	0.016696501040664023	0.41682509568090137	0.06429751999493008	2.2801803923212782	0.45909700242487284	0.2599799011016266	0.018232524576902855	True	True	True	True	True
High_light_scatter_reticulocyte_count	0.16369069267385866	0.010477942493572274	0.02882107204881771	0.012433732645337517	0.19251176472267637	0.014443242206308578	True	True	True	0.08546447011952855	0.013409961894179164	0.11907273176773794	0.01922040467975097	0.5312822153856455	0.09073112024101776	1.3932424971594124	0.3451229222475446	0.20453720188726648	0.02098823142762355	True	True	True	True	True
Hand_grip_strength__left_	0.12318623661125623	0.01047234128284598	-0.08355980074631858	0.012487430710372803	0.03962643586493765	0.01563197504735939	True	True	True	0.0437259794154454	0.012052182733659043	0.1251106895880588	0.016393842989861025	-0.7133870061906202	0.1247960931542447	2.8612438477219277	0.9242016624769694	0.1688366690035042	0.018782664743862497	True	True	True	True	False
Monocyte_percentage	0.18985787298322696	0.010756102216142331	-0.09984449348512751	0.0117635212217689	0.09001337949809944	0.014848336391582053	True	True	True	0.07339116013886704	0.01216168626365884	0.16753853345213235	0.016437296258407275	0.3010464699849422	0.059962315081605384	2.282816256550849	0.4815579453582337	0.2409296935909994	0.018081252096075383	True	True	True	True	True
Forced_expiratory_volume_in_1-second__FEV1_,_Best_measure	0.1870696989346051	0.013199566290749793	0.0073648049614211146	0.01503723119856632	0.1944345038960262	0.017713007306335526	True	False	True	0.08448477446380444	0.015674177979199774	0.16902292105451516	0.02151597937418781	0.31396778632021194	0.06943821948122357	2.0006317366323696	0.49892644999066826	0.2535076955183196	0.023311495668847604	True	True	True	True	True
Apolipoprotein_A	0.18891326673532505	0.012881715278193552	-0.12637823154281078	0.0127293057751536	0.06253503519251427	0.017321374696701728	True	True	True	0.06947189486495578	0.013582020848118699	0.15495164417917168	0.018490030099835138	-0.3476826954041772	0.05722766889304351	2.230422021457415	0.5572488280382726	0.22442353904412746	0.0204729995927128	True	True	True	True	True
Eosinophill_percentage	0.1588200702881343	0.011061809839493656	-0.06539796122487535	0.012702575297210654	0.09342210906325896	0.015699680007476208	True	True	True	0.06624962290268707	0.012000818844104363	0.15008043030808257	0.016416678011872122	0.18663801545728761	0.05807285468539832	2.265377880392363	0.5210798178245287	0.21633005321076965	0.01823991706636669	True	True	True	True	True
Urate	0.29723450995822837	0.010671319395606203	-0.05215965671358459	0.012760265774107493	0.2450748532446438	0.013666905099244876	True	True	True	0.10830323360302375	0.01143939563816642	0.26667379447514816	0.014542966774269911	0.33550861454294156	0.03962821770767252	2.4622883879221757	0.33107951017164927	0.3749770280781719	0.01510963475283297	True	True	True	True	True
Lymphocyte_percentage	0.15874571267368917	0.011610420752856487	-0.1483572471215457	0.012120166603271379	0.010388465552143483	0.016427528308270514	True	True	False	0.07151621439810354	0.012534995840614837	0.11627317949325865	0.0177743046393844	0.33480679039977373	0.07637520544558725	1.6258296174069018	0.41188126583815426	0.18778939389136218	0.01972695009389081	True	True	True	True	True
Arm_fat_percentage__right_	0.20201993039696725	0.010446808571453772	-0.020100267502698808	0.012512814888751275	0.18191966289426845	0.014348031293588503	True	False	True	0.08218299477928623	0.012194449971034922	0.17522678751909548	0.01644357029910085	0.4036275195857107	0.06126767019858419	2.1321538353486775	0.4137657690055405	0.25740978229838174	0.017906814574562634	True	True	True	True	True
C-reactive_protein	0.08263402123684503	0.011690527581479149	0.013240688025735343	0.013341033292767196	0.09587470926258038	0.016786904447721306	True	False	True	0.04017766522335738	0.014721498855336084	0.0429612585658508	0.021822111180974806	0.5154993878706331	0.22721254843029504	1.0692821080323793	0.6977345437501077	0.08313892378920817	0.02520049169158661	True	True	True	True	True
Immature_reticulocyte_fraction	0.13055493847841546	0.010775741437996885	-0.01493860317075101	0.01302865046881301	0.11561633530766445	0.015642057151741273	True	False	True	0.0682358627923177	0.012758337222050796	0.09591418037904376	0.01827777211643342	-0.328464041426414	0.07383880429298469	1.4056271358503611	0.4057356785492969	0.16415004317136145	0.020445456899074503	True	True	True	True	True
Leg_fat_percentage__right_	0.21055814925185765	0.010347000547555031	0.023780855706740493	0.012507419487529434	0.23433900495859813	0.013927316111956193	True	False	True	0.11735854789715215	0.012529767586095374	0.15930535996274234	0.017447398676574924	0.3797980229980638	0.054422596699994046	1.357424429811031	0.23513072717086703	0.2766639078598945	0.01837965515703946	True	True	True	True	True
Leg_fat_percentage__left_	0.23570365633326176	0.011733838710900177	-0.1514776503928971	0.013980790027646205	0.08422600594036467	0.016511712840304716	True	True	True	0.0996933161773715	0.012144248035402034	0.16293920726060523	0.016717408742206282	0.3829981834501399	0.05645297489615509	1.6344045268863205	0.2918231263853011	0.2626325234379767	0.017920226804228733	True	True	True	True	True
Standing_height	0.5394596873965031	0.013474473532894535	-0.15976773742874756	0.012782893234052083	0.3796919499677555	0.013000564394068433	True	True	True	0.19941194528846712	0.01038341074616881	0.36011742421297493	0.012868602459122937	0.33181610452202304	0.023200862807957384	1.805896952121063	0.13647474726888797	0.559529369501442	0.01223505480966776	True	True	True	True	True
Total_protein	0.13121089595024463	0.011553467327894551	-0.002384998242105536	0.013819649170991453	0.1288258977081391	0.01658073564371441	True	False	True	0.03744706398428708	0.01448604183236739	0.11231951741131561	0.020437082549291583	0.48612616462801395	0.14768004350976688	2.9994211951688734	1.347495704606035	0.1497665813956027	0.023394301169216692	True	True	True	True	False
IGF-1	0.2649441969087349	0.011996749374765275	-0.1956257393163376	0.01264800354988581	0.0693184575923973	0.016056340221190273	True	True	True	0.11736672487290392	0.01230104460713841	0.1824813566524379	0.0167808321079715	0.1516944263604521	0.038549267782191636	1.5547963602975752	0.24672209705572226	0.2998480815253418	0.017606506711254268	True	True	True	True	True
Forced_expiratory_volume_in_1-second__FEV1__Z-score	0.2108106614971456	0.014254124508933912	-0.15066111118822487	0.01464173295384594	0.060149550308920746	0.019314879791596063	True	True	True	0.10485232854637219	0.015054371407297996	0.13583158853520222	0.021306131081726788	0.20723691469083927	0.05908930003452077	1.2954560992427466	0.30791545931605435	0.2406839170815744	0.022802795733209983	True	True	True	True	True
Hand_grip_strength__right_	0.13725436388255063	0.011552410528887301	-0.21637715815799521	0.009768015250481515	-0.07912279427544458	0.015961624535561117	True	True	True	0.03121767283231145	0.0125550025483645	0.11780372760866582	0.01715086764360439	0.14169231026595863	0.09134273360285554	3.773622980849956	1.6805764132116263	0.14902140044097728	0.01987888645164283	True	True	True	True	False
Forced_vital_capacity__FVC_	0.2046753085480915	0.01076190199492475	0.017323892183892835	0.013072407140673831	0.22199920073198431	0.014620988811279583	True	False	True	0.09098421575440543	0.01241213771091513	0.19570965688268852	0.016634747274296577	0.3388883163489891	0.05315605282532962	2.151028673049944	0.38568186219447775	0.28669387263709395	0.01784236622065131	True	True	True	True	True
Arm_fat_percentage__left_	0.20947516530879123	0.010416157862369884	-0.019747931045086393	0.012425145904112941	0.18972723426370483	0.014193667745208957	True	False	True	0.08518594601618497	0.012067165074969874	0.1813603808974905	0.01624783823822535	0.4122571213893693	0.05946377618852017	2.128994151958268	0.39567360545044766	0.26654632691367547	0.017606806158305007	True	True	True	True	True
Mean_sphered_cell_volume	0.23403775299891005	0.011787219055701962	-0.16668787776108593	0.013303884140694888	0.06734987523782412	0.01638599553683883	True	True	True	0.07162598552646433	0.012665920922130593	0.17552334554152063	0.017042285179793556	0.29740381561929013	0.05892765424009079	2.4505540028718817	0.540528873512853	0.24714933106798498	0.018730987273529055	True	True	True	True	True
HDL_cholesterol	0.19181783348423623	0.011455384081124663	0.005023575326077027	0.013877134714603093	0.19684140881031326	0.01577607362677643	True	False	True	0.09745818083468855	0.013482480427978125	0.18081099224975294	0.01821089733995091	0.31856219020832677	0.0561848994729252	1.8552674665295663	0.3559765748316823	0.2782691730844415	0.019510775334972624	True	True	True	True	True
Creatinine	0.16874972977781375	0.01057218694222696	0.002304997797332951	0.012978320264160058	0.1710547275751467	0.01493085655476063	True	False	True	0.0554944353738246	0.0128675170002131	0.16171970580837894	0.0172283717359662	0.4113116195976006	0.08323435274598534	2.9141607571821204	0.7978890667861711	0.21721414118220353	0.019338394945542573	True	True	True	True	False
Reticulocyte_count	0.17437355792593023	0.010622054216128005	0.032693010185234565	0.01294532545503109	0.2070665681111648	0.014701026001126327	True	True	True	0.101532641611669	0.013533843285927539	0.12555171955773767	0.01925297276363253	0.19231942285851703	0.05487967724423207	1.2365650845364018	0.2793332929764862	0.22708436116940667	0.020727080382313422	True	True	True	True	True
Forced_vital_capacity__FVC_,_Best_measure	0.20109158349974543	0.013195988757628103	-0.000620977243474253	0.015338182191839961	0.20047060625627117	0.017746575633693286	True	False	True	0.0842402096869533	0.01541355040187991	0.17704574131308215	0.020878049476301848	-0.009338213200934089	0.04670255703773091	2.101677357772557	0.5069975013031804	0.26128595100003543	0.02263304403653122	True	True	True	True	True
Red_blood_cell__erythrocyte__count	0.2333589283427005	0.0110632173705465	-0.07278323629697281	0.012749916776849824	0.1605756920457277	0.01487864797235779	True	True	True	0.11135344685372349	0.012186776133779102	0.16898103157427952	0.016770137636096524	0.3473809863364794	0.050814192696145094	1.517519541144128	0.2535998557029622	0.280334478428003	0.017747180092068902	True	True	True	True	True
Leg_fat_mass__right_	0.21533455294854162	0.011715959958129555	-0.19475163939552	0.011237341094302867	0.02058291355302161	0.01582069771020727	True	True	False	0.09052457161691999	0.012979550130496394	0.1351369072835753	0.01830905302947566	0.42445659725069546	0.07181163642059006	1.4928201798672396	0.3264173228084114	0.2256614789004953	0.019870898273668978	True	True	True	True	True
Albumin	0.08666151342347186	0.014066240692009999	-0.21960754942066393	0.011726307353257647	-0.13294603599719207	0.019848969548166284	True	True	True	0.04578449098940998	0.014411340645871807	0.10601180059585892	0.020020076041019966	0.13003805220228393	0.09095622649002157	2.3154522045550228	0.9021001821114047	0.15179629158526892	0.02292912310964472	True	True	True	True	False
Haemoglobin_concentration	0.1566007949218221	0.010220503463520022	0.024304416193124626	0.012305928978617821	0.18090521111494673	0.01429034471469076	True	True	True	0.0753670081818216	0.01295041791733556	0.12015345297604675	0.018335712802773817	0.4914518857503476	0.08845127874306112	1.5942446950551445	0.40054963005867555	0.19552046115786836	0.020261624341731368	True	True	True	True	True
Urea	0.14201498926438466	0.012614369440937303	-0.2251857204349364	0.01238194567684601	-0.08317073117055174	0.018282240809519425	True	True	True	0.04753642558598547	0.01283241615394051	0.1239082443214953	0.017660783121421685	0.4008814911993783	0.09968560205962274	2.60659573777515	0.8463783269759564	0.17144466990748078	0.020110688986642138	True	True	True	True	False
Haematocrit_percentage	0.16597203268355495	0.011361167580452613	-0.11767390453870707	0.01253403537674824	0.04829812814484788	0.016133560140561727	True	True	True	0.07247133427991546	0.012813602861367913	0.11417335030320436	0.01818265806194999	-0.12693335313912527	0.056321924075870375	1.5754277389487237	0.40847306905207786	0.18664468458311984	0.020176215869278737	True	True	True	True	True
Arm_fat_mass__right_	0.1826039556628465	0.010810854260696551	-0.07588057102070851	0.012070550897921846	0.106723384642138	0.014972261684718349	True	True	True	0.07175131560727342	0.013003660846717774	0.14538656541610787	0.017933647010182338	0.41392628767207473	0.07611823974465237	2.0262564412319994	0.485543052403257	0.21713788102338127	0.019826080925864176	True	True	True	True	True
Mean_corpuscular_haemoglobin	0.25319543320440735	0.01058698677707119	0.030134827721616686	0.012515380480075838	0.28333026092602404	0.01361727868424228	True	True	True	0.14537058300044198	0.01207186823484447	0.1900361841243041	0.01657145092837848	0.2792348634597573	0.038694013789643086	1.3072533672354214	0.18213404504491726	0.33540676712474604	0.01687179624052094	True	True	True	True	True
Triglycerides	0.14850873828677372	0.011718854059285917	-0.1413334220096557	0.012629102450865258	0.00717531627711801	0.016860099268687475	True	True	False	0.06572760169548858	0.012824063299859698	0.13772294388270792	0.017625096091261415	0.21189701729954127	0.06556819662303476	2.0953593365656147	0.5309439927517092	0.2034505455781965	0.01966564870448951	True	True	True	True	True
Neuroticism_score	0.08757876725257438	0.014007590882426412	-0.15674151467309572	0.01240459945428883	-0.06916274742052134	0.019537750644320392	True	True	True	0.02491055983400002	0.014865663291920277	0.09788736228046381	0.020629221489224383	-0.41965231594818503	0.1730535308215086	3.9295528857147133	2.5691938368256015	0.12279792211446383	0.024101357675478764	False	True	True	True	False
Cholesterol	0.08042880498167349	0.010851956168506215	0.0111955561287113	0.012939981478989428	0.09162436111038479	0.015992152466072888	True	False	True	0.0616117584078616	0.013418808510995747	0.06860895875743886	0.01964549634603064	0.25289344984432366	0.10424035302480006	1.1135692363015632	0.42683689434513455	0.13022071716530045	0.022182152811299614	True	True	True	True	True
Forced_vital_capacity__FVC__Z-score	0.16663003029424897	0.012384290425455751	0.031835780120493	0.014915760253290502	0.19846581041474198	0.01714013003027306	True	True	True	0.09915996920291303	0.014975997970545963	0.13741738928773187	0.021056724438695447	0.035548824196153794	0.050839204608513204	1.3858151670714207	0.33242236913254786	0.2365773584906449	0.022679631517197835	True	True	True	True	True
Impedance_of_whole_body	0.2619969995969066	0.011497738742583436	-0.13809202355624015	0.012246238949407002	0.12390497604066644	0.015062417279007537	True	True	True	0.1176771570480345	0.01183240764168806	0.18598801952151395	0.01589110042165068	0.28990372940980813	0.043053514860436334	1.580493820441258	0.2373850999704721	0.30366517656954845	0.01672867386709127	True	True	True	True	True
Aspartate_aminotransferase	0.10611675936002977	0.012240583231987848	-0.11477824509935966	0.01205999469857016	-0.008661485739329886	0.0172057313321018	True	True	False	0.0463928877938516	0.014351002906165217	0.04781405749413011	0.021386248510332603	0.6201477167633611	0.2234867412301686	1.03063335282325	0.5869025169121975	0.09420694528798171	0.024495437375298967	True	True	True	False	True
Neutrophill_count	0.12586884548922486	0.010780091849196035	-0.05311063774504341	0.012607535369135007	0.07275820774418146	0.015703699857260667	True	True	True	0.026631618627541872	0.013160963296344561	0.12966451284651864	0.017601464788999273	-0.5712026111134562	0.16952990315407368	4.8688183268148135	2.5797491470559706	0.15629613147406052	0.020506938317279514	True	True	True	True	False
Arm_predicted_mass__right_	0.24055240585274945	0.010951052303119761	-0.10552684032735031	0.012699578494368565	0.13502556552539913	0.014885842400074676	True	True	True	0.07632141775965949	0.011997853362066135	0.19480357394575756	0.01583485360132357	0.42016580663903325	0.06181971911789662	2.5524103150075796	0.49603308395434	0.27112499170541704	0.017286592465998552	True	True	True	True	True
Arm_fat-free_mass__left_	0.2260502746429199	0.010539274568779974	-0.06406240585920439	0.012454559523602199	0.16198786878371552	0.014372074565004844	True	True	True	0.07367412561794447	0.012123889769091373	0.19650069570074688	0.015848098034575445	0.4295051356360151	0.06377595273652578	2.667160201123393	0.534983961597689	0.27017482131869136	0.01737546259188242	True	True	True	True	True
Trunk_fat-free_mass	0.26158629331166	0.010230977752379336	-0.002391913082084556	0.012349610810983515	0.25919438022957547	0.013330499961609997	True	False	True	0.09912455049248298	0.011855803866056922	0.2280699151203252	0.015400790423346444	0.30576877221856713	0.04284527377366569	2.300841859934797	0.35494338298592487	0.3271944656128082	0.0163163263133439	True	True	True	True	True
Eosinophill_count	0.20595586571497854	0.012099836103242041	-0.21202151127849928	0.011999819412724334	-0.0060656455635207385	0.016748048100358542	True	True	False	0.06476878447484702	0.012270793477545953	0.16209209084844428	0.016571684353622308	0.2952463378412515	0.06405387687944766	2.502626723084371	0.5845904872574609	0.2268608753232913	0.01840937771979346	True	True	True	True	True
Potassium_in_urine	0.02087624623619127	0.013741067697812411	-0.2743744291606661	0.01368000754854326	-0.25349818292447485	0.0217278195211818	False	True	True	0.013449985309013562	0.013390009362383952	0.05293739933547383	0.01871855697421996	-1.532428870051787	0.8397286356155941	3.935870420616565	4.232635923714745	0.0663873846444874	0.022381809277236455	False	True	True	True	False
White_blood_cell__leukocyte__count	0.1545584625020641	0.010364171434720564	-0.00155908353439995	0.012587260582210744	0.15299937896766413	0.014736593516428427	True	False	True	0.05461735067288116	0.012847808963685602	0.13741158874508064	0.017514510086238565	0.5101406927107551	0.09980581794405462	2.515896268350285	0.7219429072205121	0.19202893941796179	0.019775284811042945	True	True	True	True	True
Lymphocyte_count	0.19690093076554088	0.010896466892547592	-0.0673769894747641	0.011063504733500023	0.12952394129077677	0.014302795603494954	True	True	True	0.09102060966739794	0.013295971840018855	0.12405286299480885	0.019064124517986867	0.153161002637721	0.05232154455973312	1.3629096030900625	0.31947962209325564	0.21507347266220678	0.020673404786941164	True	True	True	True	True
Total_bilirubin	0.3291465705215477	0.011768274891612833	-0.01667049276346971	0.013340562709351926	0.312476077758078	0.014181106444073695	True	False	True	0.07541199624576289	0.01583519797536177	0.16633513954092755	0.022015944698098183	0.6016365636072426	0.10120334154820079	2.205685405792096	0.6014341576954939	0.24174713578669044	0.023992726844939003	True	True	True	True	True
Forced_expiratory_volume_in_1-second__FEV1_	0.20041062561637527	0.01086507793396493	0.013395991213235021	0.012883821676743094	0.21380661682961027	0.014667904133568613	True	False	True	0.10932504584265233	0.013089262450975766	0.1624999350102519	0.018241309863748813	0.33075575706099486	0.05501404823507299	1.4863925622691465	0.2753347035115579	0.27182498085290424	0.01931375816733017	True	True	True	True	True
Trunk_fat_mass	0.1935748560637528	0.010253199927431277	-0.015857813475483262	0.012278914191137691	0.17771704258826954	0.014147831716147436	True	False	True	0.0698239026245021	0.012475767463493038	0.16720886111114522	0.01683603795085215	0.49719376088344164	0.07739802584241497	2.3947223633482424	0.5359143530857912	0.2370327637356473	0.01858692693636738	True	True	True	True	True
Creatinine__enzymatic__in_urine	0.02324688733289645	0.010966516858072001	0.0036533305086732196	0.012668737419417174	0.026900217841569672	0.016505295937832332	True	False	False	0.015381011374206825	0.014014360850881445	0.02579828723548191	0.020830135052999996	0.2870970666140928	0.34940450880935237	1.6772815914267074	2.082721578051637	0.04117929860968873	0.024628932822898617	False	False	False	True	False
Leg_fat-free_mass__left_	0.24767924237854608	0.011271574977997686	-0.11925171515349775	0.012469396222374139	0.12842752722504833	0.015039910139848256	True	True	True	0.08803315543918101	0.012616133589658953	0.19523901375936736	0.016791286933880052	0.4393941460878758	0.06137277690279658	2.217789567866292	0.4121232247445773	0.28327216919854836	0.018103447700760698	True	True	True	True	True
Lipoprotein_A	0.26061119599219007	0.015091405330891832	-0.22339060408711062	0.0177337804946535	0.03722059190507945	0.021397001599256116	True	True	False	0.17095142909550165	0.014946835262393383	0.1425478669642517	0.02131649378413819	-0.02154455721742452	0.0394162203829464	0.8338501041989982	0.16489568577498384	0.31349929605975335	0.021355560679137745	True	True	True	True	True
Mean_platelet__thrombocyte__volume	0.3330066050727127	0.010730118511904457	-0.011798564874184705	0.0126463571626627	0.321208040198528	0.013028617774869201	True	False	True	0.11245994975872203	0.012037554063393493	0.25722159382097376	0.015733687065909514	0.508829234413228	0.05013036077139034	2.2872284255224336	0.3206034876717805	0.3696815435796958	0.01624035695992845	True	True	True	True	True
Phosphate	0.08343367530926861	0.012505067216115025	-0.08501643929534806	0.012989003396202747	-0.0015827639860794551	0.017956431642627658	True	True	False	0.061988937373992345	0.015289419000145694	0.05380658147928603	0.022837741743046154	-0.6528694529397477	0.18779579486408393	0.8680029656688509	0.4497601561623535	0.11579551885327838	0.02576058406101217	True	True	True	True	True
Waist_circumference	0.14906659597305516	0.010263762520725297	-0.012500750665600368	0.012059722402537547	0.1365658453074548	0.014481168222812313	True	False	True	0.03351459201437616	0.012986464215096888	0.12826255985172355	0.018132625146998652	0.751626001757922	0.18644553077417736	3.8270661267994854	1.6488828163852498	0.1617771518660997	0.020756203750891187	True	True	True	False	False
Apolipoprotein_B	0.0916867474319788	0.011237050109050874	-0.060014066028567264	0.012873979333643313	0.031672681403411534	0.016617081197345854	True	True	False	0.06499873821003432	0.012806102720126163	0.09789659315509659	0.018206563921319023	0.09254816963666374	0.07205512508082165	1.506130670394823	0.4404767044217073	0.1628953313651309	0.02045282886318651	True	True	True	True	True
Mean_reticulocyte_volume	0.1887206123005104	0.01049091844594863	-0.03123081003746261	0.012996154493822066	0.1574898022630478	0.014861791131215805	True	True	True	0.0592942932178644	0.012457064812042345	0.16941912673189996	0.016983634755274885	0.2983558723175624	0.06774021225439426	2.8572585579088536	0.7172537797021526	0.22871341994976435	0.01883963883215457	True	True	True	True	False
Trunk_fat_percentage	0.20390584779961982	0.010561031686498093	-0.03222767217417724	0.012727388621742334	0.17167817562544258	0.014596769376801814	True	True	True	0.08551541119168242	0.012064320882060588	0.17585722635687928	0.01629845354117174	0.3850899480056349	0.058448500240951926	2.0564389962728016	0.3849702822261956	0.2613726375485617	0.017681965785380525	True	True	True	True	True
Impedance_of_arm__left_	0.19663074660072327	0.010613424459169064	-0.02254846483505972	0.012616668445771174	0.17408228176566354	0.014598630139067433	True	False	True	0.10496533698701445	0.011866324494471097	0.16075008896112958	0.016328011709768647	0.10563709377914486	0.03989771976715561	1.5314587994036204	0.2617690986526526	0.265715425948144	0.017440460385519028	True	True	True	True	True
Arm_fat_mass__left_	0.19351217869118348	0.011389373750492843	-0.15316232421397857	0.011091038323100301	0.040349854477204905	0.015400286831079376	True	True	True	0.07433266452721564	0.013142087923038129	0.1397845043695802	0.018327615307274506	0.5155723486911352	0.08709438053405831	1.8805259472220384	0.4534138008225716	0.21411716889679583	0.020198655797642278	True	True	True	True	True
Heel_bone_mineral_density__BMD__T-score,_automated	0.32835235600997825	0.019848328601159117	-0.1915546271605335	0.0203175282322468	0.13679772884944474	0.024893212029138002	True	True	True	0.1365711439566679	0.020372853550618963	0.22174336686980323	0.027145193435965453	0.18803415991629083	0.05257686435912713	1.6236472833540831	0.36301399806311563	0.35831451082647114	0.027673636548283215	True	True	True	True	True
Leg_predicted_mass__right_	0.2315265351958954	0.01041619586383578	-0.03894880325787152	0.012466894225326187	0.19257773193802386	0.014072322687097927	True	True	True	0.07901041394500309	0.012092269056237129	0.21287897563693467	0.015685610627318488	0.31914245743896197	0.05135964247757899	2.694315407398241	0.5035760696622523	0.2918893895819378	0.01702915726021635	True	True	True	True	True
Alkaline_phosphatase	0.24427806260287743	0.01144748227548728	-0.11290864207334812	0.011757996604718091	0.13136942052952932	0.014875016801471954	True	True	True	0.11004969646493411	0.012700393650012845	0.17926036736155734	0.017277540834079532	0.38038868829735106	0.05378109059433265	1.6289037872873762	0.2772190666519369	0.28931006382649144	0.01828746572386502	True	True	True	True	True
Skin_colour	0.14641471569585504	0.011861714901429633	-0.14437230155747496	0.011136836195938492	0.0020424141383800776	0.01622286319234271	True	True	False	0.04064227763263501	0.013238840113004156	0.10916863232827245	0.01879029789655385	-0.20194588578359898	0.07978225362357924	2.6860854924285054	1.0443698686535825	0.14981090996090746	0.02144398327760468	True	True	True	True	False
Sitting_height	0.34003251073914614	0.010740756355180296	-0.038007261775668176	0.012265303263646722	0.302025248963478	0.012928611853169902	True	True	True	0.16591465687737375	0.011403312162299357	0.24901839328256725	0.015059412194141563	0.3394358003724191	0.0334329738078066	1.5008824293721972	0.16203175691099803	0.414933050159941	0.014884939678352395	True	True	True	True	True
FEV1__FVC_ratio_Z-score	0.19446354207875233	0.013607084200778106	-0.12171421110921453	0.01643095395140189	0.0727493309695378	0.019714435255822848	True	True	True	0.08275579182388852	0.014602980501854452	0.16568220066353426	0.019749034323916958	0.21377892538361584	0.06026306795328755	2.0020616927467785	0.4713529185371969	0.24843799248742277	0.021564315918146743	True	True	True	True	True
Testosterone	0.1171905683704613	0.014082626309728858	-0.22001066440502542	0.01244495644835292	-0.10282009603456413	0.019951858235288628	True	True	True	0.04099792082186584	0.015436841772018251	0.06498599219223482	0.02272416740657057	-0.6415078403385284	0.2002133598283804	1.585104583098155	0.8567622094924399	0.10598391301410065	0.026073220620030212	True	True	True	True	True
Seated_height	0.22368307977997623	0.01104502235645308	-0.17318652041280017	0.011495424901785343	0.050496559367176064	0.015091973269109153	True	True	True	0.07559195714742044	0.011830232307235608	0.17300772087791552	0.01611963065865825	0.28518786672445884	0.05648041595814815	2.288705404736559	0.45776470459789315	0.24859967802533595	0.017620161942496326	True	True	True	True	True
Red_blood_cell__erythrocyte__distribution_width	0.19853393721974807	0.012653414308017814	-0.23472702423736236	0.015198245389480095	-0.036193087017614284	0.01911614481258433	True	True	False	0.07199195360111171	0.01305790390286701	0.12771262830085703	0.018247752069960606	0.44189626882686794	0.08431427792347387	1.7739847568032223	0.44709602607754034	0.19970458190196874	0.020240114824824174	True	True	True	True	True
Body_mass_index__BMI_	0.20453251755229243	0.01045893031456588	-0.03036922355668777	0.01213472929784869	0.17416329399560465	0.01419369880358925	True	True	True	0.08097132142740847	0.01294056979722677	0.15252895843961353	0.01781260338978188	0.5561370123329828	0.08173698198777686	1.8837405114643848	0.4112758894233097	0.233500279867022	0.019491332184287904	True	True	True	True	True
Hip_circumference	0.1942692511123991	0.011878758673817732	-0.20819204020425738	0.010555738709330388	-0.01392278909185829	0.016001639487854085	True	True	False	0.06059429018400902	0.012659546219977837	0.1501530711516271	0.017123999667508976	0.4538255690518377	0.08382691634727663	2.4780069325946634	0.6368997969668452	0.21074736133563612	0.01918137051123243	True	True	True	True	True
Reticulocyte_percentage	0.16753098941235436	0.010581195137567589	0.017963245768087516	0.012614865821932714	0.1854942351804419	0.01464628266943465	True	False	True	0.07022495894445792	0.013453377231082557	0.12781148219106675	0.019174261118837306	0.43005589986277354	0.0862469663211355	1.8200292903290263	0.48289604055346164	0.19803644113552465	0.021171098353409024	True	True	True	True	True
Platelet_distribution_width	0.23329547084114005	0.010808495700491435	-0.05983827459866075	0.01278802263091971	0.1734571962424793	0.014627012076695636	True	True	True	0.09538156004493474	0.012379963716184307	0.17429681317789272	0.017044325800546038	0.36013182924012527	0.055550836750166636	1.8273638331746787	0.3323697372200492	0.26967837322282745	0.01824384859334515	True	True	True	True	True
Vitamin_D	0.10247426491023291	0.012999856250449032	-0.19487252417517978	0.012169895292784626	-0.09239825926494687	0.01868364632639961	True	True	True	0.048774489249954825	0.014034810065530303	0.07135431539965156	0.02029363863552248	-0.5391100973811859	0.13953233074525062	1.4629433643883345	0.6271130729541476	0.12012880464960639	0.023215681339288148	True	True	True	True	True
Body_fat_percentage	0.26685628293584424	0.012326915197400168	-0.2566788846558294	0.01413508037626184	0.010177398280014849	0.017395427821368076	True	True	False	0.09673137742016709	0.012063517188371389	0.18528177802870333	0.016241967811275057	0.39306291778425345	0.05412848863256005	1.9154258211780075	0.327241487083936	0.2820131554488704	0.01739763976962181	True	True	True	True	True
Impedance_of_arm__right_	0.1944954904724953	0.010612482692913237	-0.0191781191839775	0.012539355093466462	0.17531737128851782	0.014561450218155391	True	False	True	0.10647265779993775	0.011997316358453115	0.16564069450729377	0.016329601385099302	0.10964835682013027	0.03911171441156089	1.5557110898699722	0.26239774976917235	0.27211335230723155	0.017441078234971985	True	True	True	True	True
Weight	0.23096882530684706	0.01098190530348503	-0.08840782978907545	0.01187158661138309	0.14256099551777163	0.014528801940523195	True	True	True	0.0852051630636108	0.013041019019949654	0.1720049270531655	0.017701512500334245	0.5351690296535128	0.07466995683304617	2.0187148392023313	0.41273346970145935	0.2572100901167763	0.019217779918182718	True	True	True	True	True
Basophill_percentage	0.031217972006181465	0.011415291238485392	-0.033199023359810606	0.01266423853641729	-0.001981051353629141	0.017008084050187264	True	True	False	0.0241666159320346	0.013415417320022861	0.029200383719457358	0.019628956340370648	-1.4789966000127888	0.6809559751111874	1.2082942767650862	1.081964853215997	0.053366999651491956	0.023146857670853553	False	False	True	True	True
Leg_fat_mass__left_	0.21533443143957406	0.011987571989944846	-0.19110892032786334	0.012236006409208683	0.02422551111171073	0.016468356428048284	True	True	False	0.09086216870934342	0.012647138602756926	0.13858462263589438	0.017668826805523022	0.3868303205203479	0.06632316284593358	1.5252180814570808	0.31937941050609897	0.22944679134523782	0.019200041767286673	True	True	True	True	True
LDL_direct	-0.09882047426543536	0.013633707008060115	-0.11549000480652756	0.014715207906034745	-0.21431047907196293	0.0221030228155122	True	True	True	0.04727924585796739	0.013299818563401745	0.07054638699571943	0.019039827315205277	0.19140963594689295	0.10816285408069741	1.4921216638617578	0.6154515928849005	0.11782563285368682	0.021882435508275875	True	True	True	True	True
Neutrophill_percentage	0.1593463494271725	0.011501971687602256	-0.13082949230717103	0.012333768256452073	0.02851685712000146	0.01630837752301521	True	True	False	0.06962087661990773	0.012384911128700722	0.12253099877884983	0.01735844467182518	-0.5224405078760762	0.07686882899614898	1.7599749490056367	0.4357086755158286	0.19215187539875755	0.01931389049015047	True	True	True	True	True
Whole_body_fat_mass	0.21657415178745873	0.011458191645057651	-0.13110355351148834	0.010371015023529809	0.0854705982759704	0.014702312476677755	True	True	True	0.08328666620103904	0.012755421042085905	0.15155838658375795	0.017588337818032512	0.4990272349006939	0.07530044360982316	1.8197196922004688	0.38643078979320067	0.234845052784797	0.01920640253681107	True	True	True	True	True
Platelet_count	0.252102289753401	0.010619301192874788	-0.040868120574093496	0.012639438745606016	0.21123416917930748	0.01407033808795095	True	True	True	0.10572901166319941	0.012567448550057484	0.1936767559165313	0.017120772623991944	0.48226889214429364	0.05901001096934987	1.83182224887801	0.3066712728274822	0.2994057675797307	0.0180686805272569	True	True	True	True	True
Monocyte_count	0.2180457262116333	0.011535862075903467	-0.16173913458737746	0.012961293121683507	0.05630659162425583	0.016196421290766275	True	True	True	0.07092622710200641	0.012262730375910197	0.16595433309575844	0.016514275724131285	0.36697051094351335	0.06579161826262632	2.3398161706399834	0.5098711514060899	0.23688056019776485	0.018236701181222528	True	True	True	True	True
Impedance_of_leg__right_	0.2281668200812932	0.010166384071778965	0.001957460441289285	0.012339871095348145	0.23012428052258246	0.013632933212989754	True	False	True	0.09945251291936676	0.012024531811480471	0.18641838172660288	0.016057019567711443	0.2487656564522915	0.04338801433143771	1.874446167868534	0.3125394068752911	0.28587089464596965	0.017191943583811684	True	True	True	True	True
Cystatin_C	0.28403461314071304	0.010981935630750604	0.003937884859656686	0.01272837128349637	0.2879724980003697	0.013786667507890697	True	False	True	0.12314668939803902	0.011806456467058498	0.2466565034945177	0.015324735422426563	0.31156685689732233	0.03743473143433569	2.0029487166907587	0.26249532365254286	0.3698031928925567	0.015779389384897757	True	True	True	True	True
